<beans xmlns="http://www.springframework.org/schema/beans"
	xmlns:context="http://www.springframework.org/schema/context"
	xmlns:xsi="http://www.w3.org/2001/XMLSchema-instance"
	xmlns:mvc="http://www.springframework.org/schema/mvc"
	xmlns:tx="http://www.springframework.org/schema/tx" 
	xsi:schemaLocation="
        http://www.springframework.org/schema/beans     
        http://www.springframework.org/schema/beans/spring-beans-3.0.xsd
        http://www.springframework.org/schema/context 
        http://www.springframework.org/schema/context/spring-context-3.0.xsd
        http://www.springframework.org/schema/tx 
        http://www.springframework.org/schema/tx/spring-tx-3.0.xsd
        http://www.springframework.org/schema/mvc
        http://www.springframework.org/schema/mvc/spring-mvc.xsd">
 
	<context:component-scan base-package="com.rua.usercontroller" />
 	<context:component-scan base-package="com.rua.uploadfile" />
 	
 	
	<bean
		class="org.springframework.web.servlet.view.InternalResourceViewResolver">
		<property name="prefix">
                        <!-- 这个配置是配置JSP页面的位置，按照你自己的配置来配 -->
			<value>/WEB-INF/page/</value>
		</property>
		<property name="suffix">
			<value>.html</value>
		</property>
	</bean>
	
	
 	<bean id="multipartResolver" 
		class="org.springframework.web.multipart.commons.CommonsMultipartResolver">
		<property name="defaultEncoding" value="UTF-8" />
	</bean>
	<mvc:annotation-driven/>
	<mvc:default-servlet-handler/>
	
</beans>
